CHROM,POS,REF,ALT,QUAL,DP,AF
NC_045512.2,204,G,A,225.417,249,
NC_045512.2,241,C,T,225.417,249,
NC_045512.2,313,C,T,228.404,249,
NC_045512.2,1145,G,T,228.422,247,
NC_045512.2,3037,C,T,225.422,249,
NC_045512.2,5700,C,A,225.417,246,
NC_045512.2,10995,A,G,228.412,247,
NC_045512.2,13680,C,T,152.607,249,
NC_045512.2,14230,C,T,221.846,249,
NC_045512.2,14408,C,T,225.422,246,
NC_045512.2,18742,T,C,225.417,247,
NC_045512.2,19080,A,G,225.422,248,
NC_045512.2,23191,C,T,225.417,249,
NC_045512.2,23403,A,G,225.417,246,
NC_045512.2,25416,C,T,225.417,250,
NC_045512.2,25565,G,T,225.417,249,
NC_045512.2,25785,G,T,225.422,250,
NC_045512.2,26110,C,T,225.422,248,
NC_045512.2,26154,AGTTGTT,AGTT,228.372,249,
NC_045512.2,27798,G,T,222.343,248,
NC_045512.2,28881,G,A,225.417,249,
NC_045512.2,28882,G,A,225.417,249,
NC_045512.2,28883,G,C,225.422,250,
